id,title,originalTitle,year,duration,countryOfOrigin,languages,director_id,cast,editing,genres,format,image,music,originalVersion,producers,production,screenplay,section,sound,synopsis,tone,version
f03,Schindler's List,Schindler's List,1993,195,"uk,de,pl","en,de,pl",d03,"Liam Neeson,Ralph Fiennes,Ben Kingsley",Michael Kahn,"Biography,Drama,History",2D,/images/schindlers_list.jpg,"John Williams",true,"Steven Spielberg,Gerald R. Molen","Universal Pictures","Steven Zaillian",ic,"Gary Rydstrom","Oskar Schindler gradually becomes concerned for his Jewish workforce after witnessing their persecution by the Nazis.",black-and-white,if
f13,The Fellowship of the Ring,The Fellowship of the Ring,2001,178,"bz,bn,cl","en,quenya",d13,"Elijah Wood,Ian McKellen,Viggo Mortensen",John Gilbert,"Action,Adventure,Drama",2D,/images/lotr_fellowship.jpg,"Howard Shore",true,"Peter Jackson,Barrie M. Osborne","WingNut Films","Peter Jackson,Fran Walsh,Philippa Boyens",ic,"Christopher Boyes","A hobbit and eight companions set out to destroy a powerful ring and save Middle-earth.",color,if
f05,The Godfather,The Godfather,1972,175,ck,"en,it",d05,"Marlon Brando,Al Pacino,James Caan","William Reynolds,Peter Zinner","Crime,Drama",2D,/images/the_godfather.jpg,"Nino Rota",true,"Albert S. Ruddy","Paramount Pictures","Mario Puzo,Francis Ford Coppola",ic,"Walter Murch","The aging patriarch of a crime dynasty transfers control of his clandestine empire to his reluctant son.",color,if
f10,La Dolce Vita,La Dolce Vita,1960,174,"sv,fi,ge","it,fr",d10,"Marcello Mastroianni,Anita Ekberg,Anouk Aimée",Leo Catozzo,"Drama",2D,/images/la_dolce_vita.jpg,"Nino Rota",true,"Franco Cristaldi","Riccardo Gualino","Ennio Flaiano,Tullio Pinelli,Federico Fellini",ic,"Ennio Morricone","A week in the life of a jaded journalist searching for love and meaning in Rome’s high society.",black-and-white,omiu
f16,2001: A Space Odyssey,2001: A Space Odyssey,1968,149,"gu","en,ru",d16,"Keir Dullea,Gary Lockwood,William Sylvester",Ray Lovejoy,"Adventure,Sci-Fi",2D,/images/2001_space_odyssey.jpg,"Alex North",true,"Stanley Kubrick","Metro-Goldwyn-Mayer","Stanley Kubrick,Arthur C. Clarke",ic,"Douglas Grindstaff","Humanity discovers a mysterious monolith on the Moon and embarks on an epic voyage through space.",color,omiu
f02,Inception,Inception,2010,148,gt,"en,ja,fr",d02,"Leonardo DiCaprio,Joseph Gordon-Levitt,Elliot Page",Lee Smith,"Action,Sci-Fi,Thriller",IMAX,/images/inception.jpg,"Hans Zimmer",true,"Emma Thomas,Christopher Nolan","Warner Bros.,Legendary Pictures","Christopher Nolan",ooc,"Richard King","A thief who steals corporate secrets through dream-sharing technology is tasked with planting an idea into a CEO’s mind.",color,omeu
f14,The Matrix,The Matrix,1999,136,jp,"en",d14,"Keanu Reeves,Laurence Fishburne,Carrie-Anne Moss",Zach Staenberg,"Action,Sci-Fi",2D,/images/the_matrix.jpg,"Don Davis",true,"Joel Silver","Warner Bros.","Lana Wachowski,Lilly Wachowski",ic,"David E. Campbell","A hacker discovers reality is a simulation and joins a rebellion against the machines.",color,omiu
f01,Parasite,Gisaengchung,2019,132,kz,"ko,en",d01,"Song Kang-ho,Lee Sun-kyun,Cho Yeo-jeong",Jinmo Yang,"Thriller,Drama",2D,/images/parasite.jpg,"Jung Jae-il",true,"Kwak Sin-ae,Moon Yang-kyung","Barunson E&A","Bong Joon-ho,Han Jin-won",ic,"Lee Seong-woo","A poor family schemes to infiltrate a wealthy household by posing as highly qualified, unrelated tutors and staff.",color,omeu
f11,City of God,Cidade de Deus,2002,130,nh,"pt,en",d11,"Alexandre Rodrigues,Leandro Firmino,Seu Jorge",Daniel Rezende,"Crime,Drama",2D,/images/city_of_god.jpg,"Antonio Pinto",true,"Andrea Barata Ribeiro,Lucy Mockridge","O2 Filmes","Bráulio Mantovani",ooc,"Ricardo Reis","Two boys in Rio de Janeiro take diverging paths: one becomes a photographer, the other a drug lord.",color,omeu
f06,Spirited Away,Sen to Chihiro no Kamikakushi,2001,125,"mr,mz,nu","ja,en",d06,"Rumi Hiiragi,Miyu Irino,Mari Natsuki",Takeshi Seyama,"Animation,Adventure,Family",2D,/images/spirited_away.jpg,"Joe Hisaishi",true,"Toshio Suzuki","Studio Ghibli","Hayao Miyazaki",ic,"Shigeharu Shiba","A young girl enters a world of spirits and must find courage to save her parents turned into pigs.",color,omiu
f04,Amélie,Le Fabuleux Destin d'Amélie Poulain,2001,122,"it,ps","fr,de",d04,"Audrey Tautou,Mathieu Kassovitz,Rufus",Hervé Schneid,"Comedy,Romance",2D,/images/amelie.jpg,"Yann Tiersen",true,"Claudie Ossard,Jean-Marc Deschamps","Claudie Ossard Productions","Guillaume Laurant,Jean-Pierre Jeunet",ic,"Hervé Baster","Amélie, a naive waitress in Paris, decides to help those around her and discovers love in unexpected places.",color,if
f08,Pan's Labyrinth,El Laberinto del Fauno,2006,118,st,"es,en",d08,"Ivana Baquero,Ariadna Gil,Sergi López","Bernat Vilaplana,Jaime Romandía","Drama,Fantasy,War",2D,/images/pans_labyrinth.jpg,"Javier Navarrete",true,"Guillermo del Toro,Álvaro Augustin","Númenor Films","Guillermo del Toro",ooc,"José Antonio Bermúdez","In post–Civil War Spain, a young girl escapes into a haunting fantasy world to cope with her harsh reality.",color,if
f20,Moonlight,Moonlight,2016,111,za,"en",d20,"Mahershala Ali,Alex Hibbert,Ashton Sanders",Joi McMillon,"Drama",2D,/images/moonlight.jpg,"Nicholas Britell",true,"Dede Gardner,Jeremy Kleiner","A24","Barry Jenkins",ooc,"Frank Eulner","A young man grapples with his identity and sexuality while growing up in a rough Miami neighborhood.",color,if
f19,Get Out,Get Out,2017,104,"tj,tv,ug","en",d19,"Daniel Kaluuya,Allison Williams,Bradley Whitford",Gregory Plotkin,"Horror,Mystery,Thriller",2D,/images/get_out.jpg,"Michael Abels",true,"Jordan Peele,Sean McKittrick","Blumhouse Productions","Jordan Peele",ic,"Jason Ruder","A young African-American man uncovers disturbing secrets when visiting his white girlfriend’s family estate.",color,if
f12,Casablanca,Casablanca,1942,102,"vn","en,fr",d12,"Humphrey Bogart,Ingrid Bergman,Paul Henreid",Owen Marks,"Drama,Romance,War",2D,/images/casablanca.jpg,"Max Steiner",true,"Hal B. Wallis","Warner Bros.","Julius J. Epstein,Philip G. Epstein,Howard Koch",ic,"Byron Kelly","An expatriate cafe owner must choose between his love and helping his former lover’s fugitive husband escape the Nazis.",black-and-white,omiu
f09,The Grand Budapest Hotel,The Grand Budapest Hotel,2014,99,wf,"en,de",d09,"Ralph Fiennes,F. Murray Abraham,Tony Revolori",Barney Pilling,"Adventure,Comedy,Crime",2D,/images/grand_budapest_hotel.jpg,"Alexandre Desplat",true,"Scott Rudin,Graham Broadbent","Fox Searchlight Pictures","Wes Anderson,Roman Coppola",ic,"Adam Stockhausen","A hotel concierge and his protégé become embroiled in a theft", color,omeu
f07,12 Angry Men,12 Angry Men,1957,96,"zw,eh,to,th","en",d07,"Henry Fonda,Lee J. Cobb,Martin Balsam",Carl Lerner,"Crime,Drama",2D,/images/12_angry_men.jpg,"Kenyon Hopkins",true,"Henry Fonda,Reginald Rose","Orion-Nova Productions","Reginald Rose",ic,"Warren Smith","A lone juror tries to convince the others that a murder case is not as clear-cut as it seems.",black-and-white,omeu
f15,Bicycle Thieves,Ladri di Biciclette,1948,89,jp,"it",d15,"Lamberto Maggiorani,Enzo Staiola,Lianella Carell",Eraldo Da Roma,"Drama",2D,/images/bicycle_thieves.jpg,"Alessandro Cicognini",true,"Roberto Rossellini","Titanus,Pio Angeletti","Vittorio De Sica,Cesare Zavattini",ooc,"Beniamino Laurentini","A father and son search the streets of Rome for a stolen bicycle crucial to the family’s survival.",black-and-white,if
f17,Rashomon,Rashōmon,1950,88,sl,"ja",d17,"Toshiro Mifune,Machiko Kyō,Masayuki Mori",Akira Kurosawa,"Crime,Drama,Mystery",2D,/images/rashomon.jpg,"Fumio Hayasaka",true,"Sadao Sugihara","Daiei Film","Akira Kurosawa,Shinobu Hashimoto",ic,"Hisashi Katsuta","A murder is recounted from multiple contradictory perspectives, revealing subjective truth.",black-and-white,omiu
f18,City Lights,City Lights,1931,87,lc,"en",d18,"Charlie Chaplin,Virginia Cherrill,Florence Lee",Charles Chaplin,"Comedy,Drama,Romance",2D,/images/city_lights.jpg,"Charles Chaplin",true,"Charles Chaplin","United Artists","Charles Chaplin",ooc,"Murray Spivack","A tramp falls in love with a blind flower girl and tries to help her financially.",black-and-white,omeu
